{
    "CLI_package_name": "certora-cli",
    "CLI_version": "8.6.1",
    "branch": "fixes",
    "certora_ci_client": null,
    "conf": {
        "disable_local_typechecking": true,
        "files": [
            "certora/harness/SpilloverLibHarness.sol",
            "certora/harness/MathLibHarness.sol"
        ],
        "loop_iter": 3,
        "msg": "SpilloverLib - Three-Zone Spillover System Verification",
        "optimistic_hashing": true,
        "optimistic_loop": true,
        "rule_sanity": "basic",
        "server": "production",
        "solc": "/home/amschel/.local/bin/solc",
        "verify": "SpilloverLibHarness:certora/specs/SpilloverLib.spec",
        "wait_for_results": "all"
    },
    "conf_path": "SpilloverLib.conf",
    "cwd_relative": ".",
    "default_solc_version": null,
    "dirty": true,
    "group_id": null,
    "jar_flag_info": [
        "-autoDispatcher,auto_dispatcher,boolean",
        "-bytecode,bytecode_jsons,list",
        "-spec,bytecode_spec,string",
        "-globalTimeout,cloud_global_timeout,string",
        "-coinbaseFeaturesMode,coinbase_mode,boolean",
        "-contractRecursionLimit,contract_recursion_limit,string",
        "-coverageInfo,coverage_info,string",
        "-dynamicCreationBound,dynamic_bound,string",
        "-dispatchOnCreated,dynamic_dispatch,boolean",
        "-enforceRequireReasonInCVL,enforce_require_reason,boolean",
        "-excludeMethod,exclude_method,list",
        "-excludeRule,exclude_rule,list",
        "-foundry,foundry_tests_mode,boolean",
        "-userGlobalTimeout,global_timeout,string",
        "-hashingLengthBound,hashing_length_bound,string",
        "-includeEmptyFallback,include_empty_fallback,boolean",
        "-independentSatisfies,independent_satisfy,boolean",
        "-b,loop_iter,string",
        "-maxConcurrentRules,max_concurrent_rules,string",
        "-graphDrawLimit,max_graph_depth,string",
        "-method,method,list",
        "-multiAssertCheck,multi_assert_check,boolean",
        "-multipleCEX,multi_example,string",
        "-autoNondetDifficultInternalFuncs,nondet_difficult_funcs,boolean",
        "-autoNondetMinimalDifficulty,nondet_minimal_difficulty,string",
        "-noCalltraceStorageInformation,no_calltrace_storage_information,boolean",
        "-optimisticContractRecursion,optimistic_contract_recursion,boolean",
        "-optimisticFallback,optimistic_fallback,boolean",
        "-optimisticUnboundedHashing,optimistic_hashing,boolean",
        "-assumeUnwindCond,optimistic_loop,boolean",
        "-optimisticSummaryRecursion,optimistic_summary_recursion,boolean",
        "-contract,parametric_contracts,list",
        "-smt_preciseBitwiseOps,precise_bitwise_ops,boolean",
        "-resourceFiles,prover_resource_files,list",
        "-boundedModelChecking,range,string",
        "-rangerExcludeMethod,ranger_exclude_method,list",
        "-boundedModelCheckingFailureLimit,ranger_failure_limit,string",
        "-rangerMethod,ranger_include_method,list",
        "-rule,rule,list",
        "-ruleSanityChecks,rule_sanity,string",
        "-safeCastingBuiltin,safe_casting_builtin,boolean",
        "-saveVerifierResults,save_verifier_results,boolean",
        "-ciMode,short_output,boolean",
        "-t,smt_timeout,string",
        "-smt_useBV,smt_use_bv,boolean",
        "-summaryRecursionLimit,summary_recursion_limit,string",
        "-json,tool_output,string",
        "-unusedSummaryHardFail,unused_summary_hard_fail,string",
        "-usePerRuleCache,use_per_rule_cache,string"
    ],
    "java_version": "17.0.17",
    "main_spec": "certora/specs/SpilloverLib.spec",
    "origin": "git@github.com:stratosphere-network/LiquidRoyaltyContracts.git",
    "python_version": "3.12.3",
    "raw_args": [
        "/home/amschel/.local/bin/certoraRun",
        "certora/conf/SpilloverLib.conf"
    ],
    "revision": "dbb4349e77117f0939d5690389ab5ed12152b943",
    "timestamp": "1765325911.454787"
}