[
    {
        "card_title": "general",
        "content_type": "COMPLEX",
        "content": [
            {
                "inner_title": "CLI Version",
                "content_type": "FLAG",
                "content": "8.6.1",
                "doc_link": "",
                "tooltip": "",
                "unsound": false
            },
            {
                "inner_title": "branch",
                "content_type": "FLAG",
                "content": "fixes",
                "doc_link": "",
                "tooltip": "",
                "unsound": false
            },
            {
                "inner_title": "dirty",
                "content_type": "FLAG",
                "content": "true",
                "doc_link": "",
                "tooltip": "",
                "unsound": false
            },
            {
                "inner_title": "origin",
                "content_type": "FLAG",
                "content": "git@github.com:stratosphere-network/LiquidRoyaltyContracts.git",
                "doc_link": "",
                "tooltip": "",
                "unsound": false
            },
            {
                "inner_title": "revision",
                "content_type": "FLAG",
                "content": "dbb4349e77117f0939d5690389ab5ed12152b943",
                "doc_link": "",
                "tooltip": "",
                "unsound": false
            }
        ]
    },
    {
        "card_title": "files",
        "content_type": "SIMPLE",
        "content": [
            {
                "inner_title": "files",
                "content_type": "SIMPLE",
                "content": [
                    "certora/harness/MathLibHarness.sol",
                    "certora/harness/SpilloverLibHarness.sol"
                ],
                "doc_link": "https://docs.certora.com/en/latest/docs/prover/cli/options.html#files",
                "tooltip": "",
                "unsound": false
            }
        ]
    },
    {
        "card_title": "options",
        "content_type": "COMPLEX",
        "content": [
            {
                "inner_title": "verify",
                "content_type": "FLAG",
                "content": "SpilloverLibHarness:certora/specs/SpilloverLib.spec",
                "doc_link": "https://docs.certora.com/en/latest/docs/prover/cli/options.html#verify",
                "tooltip": "",
                "unsound": false
            },
            {
                "inner_title": "disable_local_typechecking",
                "content_type": "FLAG",
                "content": "true",
                "doc_link": "https://docs.certora.com/en/latest/docs/prover/cli/options.html#disable-local-typechecking",
                "tooltip": "",
                "unsound": false
            },
            {
                "inner_title": "loop_iter",
                "content_type": "FLAG",
                "content": 3,
                "doc_link": "https://docs.certora.com/en/latest/docs/prover/cli/options.html#loop-iter",
                "tooltip": "",
                "unsound": false
            },
            {
                "inner_title": "msg",
                "content_type": "FLAG",
                "content": "SpilloverLib - Three-Zone Spillover System Verification",
                "doc_link": "https://docs.certora.com/en/latest/docs/prover/cli/options.html#msg",
                "tooltip": "",
                "unsound": false
            },
            {
                "inner_title": "optimistic_hashing",
                "content_type": "FLAG",
                "content": "true",
                "doc_link": "https://docs.certora.com/en/latest/docs/prover/cli/options.html#optimistic-hashing",
                "tooltip": "",
                "unsound": true
            },
            {
                "inner_title": "optimistic_loop",
                "content_type": "FLAG",
                "content": "true",
                "doc_link": "https://docs.certora.com/en/latest/docs/prover/cli/options.html#optimistic-loop",
                "tooltip": "",
                "unsound": true
            },
            {
                "inner_title": "rule_sanity",
                "content_type": "FLAG",
                "content": "basic",
                "doc_link": "https://docs.certora.com/en/latest/docs/prover/cli/options.html#rule-sanity",
                "tooltip": "",
                "unsound": false
            },
            {
                "inner_title": "server",
                "content_type": "FLAG",
                "content": "production",
                "doc_link": "https://docs.certora.com/en/latest/docs/prover/cli/options.html#server",
                "tooltip": "",
                "unsound": false
            },
            {
                "inner_title": "wait_for_results",
                "content_type": "FLAG",
                "content": "all",
                "doc_link": "https://docs.certora.com/en/latest/docs/prover/cli/options.html#wait-for-results",
                "tooltip": "",
                "unsound": false
            }
        ]
    },
    {
        "card_title": "solidity_compiler",
        "content_type": "COMPLEX",
        "content": [
            {
                "inner_title": "solc",
                "content_type": "FLAG",
                "content": "/home/amschel/.local/bin/solc",
                "doc_link": "https://docs.certora.com/en/latest/docs/prover/cli/options.html#solc",
                "tooltip": "",
                "unsound": false
            }
        ]
    }
]